Model,Accuracy,Precision,Recall,F1,ROC-AUC
Random Forest,0.9275,0.9287749287749287,0.8402061855670103,0.8822733423545331,0.9665603099131583
AdaBoost,0.84875,0.8059259259259259,0.7010309278350515,0.7498277050310131,0.9055033073485349
Logistic Regression,0.8275,0.7828125,0.645618556701031,0.7076271186440678,0.8746905312071505
Decision Tree,0.845,0.8581560283687943,0.6237113402061856,0.7223880597014926,0.8598999066832563
